<?xml version="1.0" encoding="UTF-8"?>
<project-private xmlns="http://www.netbeans.org/ns/project-private/1">
    <editor-bookmarks xmlns="http://www.netbeans.org/ns/editor-bookmarks/2" lastBookmarkId="0"/>
    <open-files xmlns="http://www.netbeans.org/ns/projectui-open-files/2">
        <group>
            <file>file:/C:/PRG381/PROJECT/PRG381-BC-Student-Wellness/Milestone%202/WellnessManagement/src/com/dao/FeedbackDAO.java</file>
            <file>file:/C:/PRG381/PROJECT/PRG381-BC-Student-Wellness/Milestone%202/WellnessManagement/src/com/model/Counselor.java</file>
            <file>file:/C:/PRG381/PROJECT/PRG381-BC-Student-Wellness/Milestone%202/WellnessManagement/src/com/view/FeedbackPanel.java</file>
            <file>file:/C:/PRG381/PROJECT/PRG381-BC-Student-Wellness/Milestone%202/WellnessManagement/src/com/controller/FeedbackController.java</file>
            <file>file:/C:/PRG381/PROJECT/PRG381-BC-Student-Wellness/Milestone%202/WellnessManagement/src/com/view/DashboardFrame.java</file>
            <file>file:/C:/PRG381/PROJECT/PRG381-BC-Student-Wellness/Milestone%202/WellnessManagement/src/com/model/Appointment.java</file>
        </group>
    </open-files>
</project-private>
